station,lat,long,Gym,euk,all,cpm1,cpm2,depth,log
ERR562512,-20.9354,-35.1803,20143,255377,339035,78875.54478,59412.745,5,16.26729044
ERR1756187,-44.5342,-52.455,3600,60782,75493,59228.06094,47686.54047,5,15.85399323
ERR562723,-12.9723,-96.0122,35456,530677,745916,66812.76935,47533.50243,50,16.02783624
ERR1755992,-44.5342,-52.455,3160,54738,67357,57729.54803,46914.20342,5,15.81702231
ERR1756312,-21.4593,54.3041,9417,194020,224456,48536.23338,41954.77065,5,15.56677453
ERR1879875,39.2305,-70.0377,2460,45848,60860,53655.55749,40420.63753,5,15.71143999
ERR1879890,6.3305,-102.9464,3610,82422,95509,43798.98571,37797.48505,5,15.41860984
ERR1879801,39.2305,-70.0377,2582,54774,69404,47139.15361,37202.46672,5,15.52463823
ERR562426,-60.2287,-60.6476,34934,710392,964319,49175.66639,36226.60136,5,15.58565698
ERR562521,-9.1504,-140.5216,6266,144766,174239,43283.64395,35962.09804,5,15.40153434
ERR1879745,6.3305,-102.9464,1578,36398,45605,43354.03044,34601.46914,5,15.4038785
ERR1879818,-11.9873,-151.05,612,16036,17803,38164.13071,34376.22873,5,15.21992971
ERR1879917,-21.146,-104.787,3885,99955,119329,38867.49037,32557.04816,5,15.24627634
ERR1756361,-17.4962,42.2173,3732,97167,114803,38408.10152,32507.86129,5,15.22912303
ERR1756218,-32.7969,-87.086,13189,324057,419894,40699.63,31410.30832,5,15.31272806
ERR1756027,-32.7969,-87.086,1863,46956,63989,39675.44084,29114.37903,5,15.27595863
ERR562519,-29.4991,37.9938,7301,164343,252489,44425.37863,28916.1112,5,15.43909645
ERR1879726,-28.1698,-107.3833,1022,30300,35375,33729.37294,28890.45936,5,15.04171788
ERR562674,37.051,1.9378,12067,298466,420034,40430.06574,28728.62673,5,15.30314093
ERR1756267,-13.0655,46.9692,449,11458,15639,39186.59452,28710.27559,5,15.25807258
ERR1879751,22.7598,-157.9568,11357,288883,401604,39313.4937,28279.10081,5,15.26273696
ERR1879929,-28.1698,-107.3833,1668,50644,59174,32935.78706,28188.05556,5,15.00736841
ERR1756281,-62.14,-49.3273,2051,67374,75664,30442.01027,27106.68217,5,14.89377601
ERR1756141,-62.14,-49.3273,3008,98486,111534,30542.41212,26969.35464,5,14.89852638
ERR1755938,0.0078,-153.6265,2464,81080,93088,30389.73853,26469.57717,5,14.89129664
ERR562447,33.9235,32.8118,54361,1743332,2077199,31182.24182,26170.33804,70,14.92843703
ERR1879675,17.5294,67.9576,2637,91541,101675,28806.76418,25935.57905,5,14.81411999
ERR1879879,17.4825,67.9869,2876,101042,111298,28463.41125,25840.53622,25,14.79682095
ERR562427,35.759,14.2574,21249,727606,827728,29203.99227,25671.47662,5,14.83387798
ERR1756155,0.001,-153.6387,14240,454783,570294,31311.63654,24969.5771,40,14.93441129
ERR1756065,0.0078,-153.6265,3313,116923,134031,28334.88706,24718.16222,5,14.79029183
ERR1756191,4.6599,73.4856,8389,274398,343765,30572.38027,24403.29877,5,14.89994126
ERR1879896,-23.1595,-134.9236,7569,269355,311760,28100.46222,24278.29099,5,14.77830624
ERR1879878,-23.073,-135.018,3987,141103,168244,28255.95487,23697.72473,5,14.78626732
ERR1879856,-23.073,-135.018,2734,99064,117494,27598.32028,23269.27332,5,14.75229284
ERR562504,39.1633,5.916,50260,1618537,2166417,31052.73466,23199.59638,5,14.9224327
ERR1756302,-13.0655,46.9692,1194,41772,51997,28583.7403,22962.86324,5,14.80290709
ERR1879718,-11.9873,-151.05,9384,348911,410689,26895.11079,22849.40673,5,14.71505631
ERR1756091,-64.358,-53.0534,936,37183,41082,25172.79402,22783.70089,5,14.61957773
ERR1756338,-29.6597,-101.2351,3928,142445,174163,27575.55548,22553.58486,5,14.75110233
ERR1879912,31.5213,-158.9958,1272,50226,57505,25325.52861,22119.81567,5,14.62830476
ERR1879779,31.5213,-158.9958,2285,91440,105440,24989.06387,21671.09256,5,14.60900924
ERR562466,27.16,27.1433,10716,385363,498677,27807.54769,21488.85952,5,14.7631889
ERR1756034,-64.358,-53.0534,1847,80293,86949,23003.25059,21242.33746,5,14.48955012
ERR1879796,-2.0465,72.1568,3640,138828,174959,26219.49463,20804.87428,5,14.67835226
ERR1879715,-9.3,-9.5587,1408,59809,68358,23541.60745,20597.44287,5,14.52292521
ERR1879828,17.4825,67.9869,81630,3365694,3974126,24253.54177,20540.36535,25,14.56590782
ERR1879895,-40.6511,-52.182,3170,126247,157153,25109.50755,20171.4253,5,14.61594611
ERR1756145,-11.9668,-151.2413,477,20023,23790,23822.60401,20050.44136,5,14.5400435
ERR1756052,-21.1584,-104.8314,2487,99717,124412,24940.58185,19990.03312,5,14.6062075
ERR562716,-30.1367,-43.2899,2827,99839,143292,28315.5881,19728.94509,5,14.78930887
ERR1756263,6.6433,-153.0842,1476,66660,75865,22142.21422,19455.61194,80,14.43451188
ERR562728,21.9467,38.2517,26626,1055972,1382610,25214.68372,19257.78057,5,14.62197651
ERR1879909,-9.3,-9.5587,402,17906,20999,22450.57523,19143.76875,5,14.45446479
ERR1879736,-0.6625,73.161,7186,256917,375597,27970.12265,19132.20819,5,14.77159896
ERR1879947,17.4825,67.9869,1439,62909,76879,22874.31051,18717.72526,25,14.48144064
ERR562371,38.4761,20.1705,5229,223890,282458,23355.21908,18512.48681,5,14.51145736
ERR1755933,-44.5838,-52.1952,1235,52402,66812,23567.80276,18484.70335,35,14.52452964
ERR1879876,17.5294,67.9576,69851,3169698,3810811,22037.11521,18329.69413,5,14.42764776
ERR1755877,-63.8768,-56.0916,1107,51397,60401,21538.22208,18327.51113,5,14.39461154
ERR562625,-9.1504,-140.5216,8719,416575,477164,20930.20465,18272.54361,5,14.3532988
ERR1879941,17.4825,67.9869,5173,241009,288223,21463.92873,17947.90839,25,14.38962655
ERR1879898,-23.0244,-134.9228,321,15749,18233,20382.24649,17605.44068,5,14.31502545
ERR1879915,11.2723,-152.3711,2284,110640,130301,20643.52856,17528.64521,5,14.33340197
ERR1756341,-1.9002,-84.6265,7381,306969,425806,24044.77325,17334.18505,50,14.5534357
ERR1755886,-44.5838,-52.1952,1331,58547,76970,22733.87193,17292.4516,35,14.4725558
ERR1756322,-31.3727,-93.9387,6498,317485,376613,20467.10868,17253.78572,5,14.32101969
ERR562404,-62.0385,-49.529,2424,94999,141047,25516.05806,17185.76077,5,14.63911785
ERR1879809,17.5294,67.9576,1091,51629,63724,21131.5346,17120.70805,5,14.36710992
ERR562683,-31.027,4.6802,13742,589352,824036,23317.13475,16676.45588,50,14.5091029
ERR562575,37.0541,1.9478,14265,619618,863548,23022.24919,16519.05858,42,14.49074117
ERR1879837,-9.3,-9.5587,4832,253749,295200,19042.43958,16368.56369,5,14.2169307
ERR1879740,35.8427,-37.1526,3399,159430,208878,21319.70144,16272.65677,40,14.37989961
ERR1879771,-23.0242,-134.9232,1475,79202,92842,18623.26709,15887.20622,5,14.18481857
ERR1879931,17.5294,67.9576,4240,220881,269390,19195.85659,15739.26278,5,14.22850732
ERR1879703,6.3332,-102.9432,2297,118136,147943,19443.69202,15526.24997,5,14.24701457
ERR1879671,32.931,-121.8645,1749,85277,113947,20509.63331,15349.24131,30,14.32401408
ERR1879841,11.2723,-152.3711,1027,56795,68530,18082.57769,14986.13746,5,14.14231273
ERR562548,39.5705,17.4101,7291,402843,487647,18098.86234,14951.38902,30,14.14361139
ERR1756031,-31.3727,-93.9387,979,51453,66141,19027.07325,14801.7115,5,14.21576604
ERR1879714,-23.0242,-134.9232,1961,112229,133059,17473.20211,14737.82307,5,14.0928564
ERR1756042,-34.173,-73.0814,1590,92789,108232,17135.65186,14690.6645,5,14.06471345
ERR1879922,35.3671,-127.7422,417,24464,28617,17045.45455,14571.75805,5,14.05709945
ERR1879696,17.4814,67.9947,1243,74476,85794,16689.94038,14488.19265,50,14.02669118
ERR1879731,-63.8768,-56.0916,964,60427,67222,15953.13353,14340.54327,5,13.96155221
ERR1879823,-23.0244,-134.9228,1078,62074,75219,17366.36917,14331.4854,5,14.08400854
ERR1879735,-2.0133,-84.589,6998,423667,490640,16517.6896,14263.00342,5,14.01172428
ERR1756301,-12.807,45.2247,235,14299,16617,16434.71571,14142.14359,5,14.00445888
ERR1879684,-63.8768,-56.0916,1124,72651,80442,15471.22545,13972.80028,5,13.91729985
ERR1879808,-8.9109,-140.2845,4444,281621,318979,15780.07322,13931.95163,150,13.94581628
ERR1756216,-33.6737,-71.9641,895,55915,64538,16006.43834,13867.79882,5,13.9663647
ERR562518,-9.1504,-140.5216,11036,586972,795901,18801.57827,13866.04615,5,14.19856615
ERR1879689,-23.1595,-134.9236,4557,253417,329467,17982.21903,13831.43077,5,14.13428344
ERR562437,-8.9111,-142.5571,3946,246054,286977,16037.13006,13750.23085,5,13.96912837
ERR562418,42.4552,17.9348,4559,244151,333365,18672.87048,13675.70081,5,14.1886561
ERR1879944,25.5264,-88.394,542,33996,40335,15943.05212,13437.46126,5,13.96064022
ERR1755931,6.6433,-153.0842,3799,240544,286830,15793.36837,13244.77914,80,13.94703128
ERR1879832,6.6112,-153.0543,169,11676,12867,14474.13498,13134.37476,85,13.82118951
ERR562472,42.1735,17.7175,12519,782517,960921,15998.37448,13028.12614,5,13.96563771
ERR1879864,35.3671,-127.7422,854,57401,65618,14877.78959,13014.72157,5,13.86087258
ERR1879759,31.5168,-159.046,603,40414,46855,14920.57208,12869.49098,115,13.86501523
ERR562705,42.2038,17.715,11161,641577,886269,17396.19718,12593.24201,5,14.08648435
ERR1756255,31.4868,-159.0749,1199,80289,95273,14933.55254,12584.88764,5,13.86626979
ERR1756313,-62.2024,-49.2382,1864,115834,148438,16091.99372,12557.43139,90,13.97405546
ERR1879894,14.2035,-116.6261,328,22211,26314,14767.45757,12464.84761,5,13.85013385
ERR562439,39.8386,17.4155,5698,390802,463063,14580.27339,12305.02113,5,13.83173015
ERR562672,2.0399,-84.5599,10323,603601,849230,17102.35735,12155.71753,5,14.06190758
ERR562630,-16.9601,-100.6335,8484,587559,704376,14439.40098,12044.7034,5,13.81772327
ERR1879794,-16.8084,59.5043,839,56685,69764,14801.09376,12026.25996,5,13.85341617
ERR1756104,-11.9668,-151.2413,9838,628886,827978,15643.53476,11881.95822,5,13.93327892
ERR1879773,32.9986,-121.7698,690,52807,58094,13066.44952,11877.3023,5,13.67357956
ERR1879704,-23.2329,-134.9606,3186,186131,268484,17116.97675,11866.62892,5,14.06314029
ERR1756094,22.7281,-158.0907,4711,292905,400046,16083.71315,11776.14574,110,13.97331289
ERR562565,-21.0292,-35.3498,6671,430953,570183,15479.64627,11699.75254,150,13.91808488
ERR1879874,-23.2317,-134.9611,4440,325988,381514,13620.13326,11637.84291,5,13.7334532
ERR1879937,36.0469,-4.3555,1046,85418,91036,12245.66251,11489.96002,68,13.57998321
ERR1879752,-0.0283,-84.5862,9464,653366,839199,14484.99004,11277.42049,5,13.82227107
ERR1879940,35.9346,-37.3032,3169,222374,281669,14250.76673,11250.79437,5,13.79875192
ERR562538,-47.1863,-58.2902,12304,776977,1115285,15835.73259,11032.1577,5,13.95089599
ERR1879840,6.3378,-102.9538,641,49863,58431,12855.22331,10970.20417,60,13.65006705
ERR1879690,6.4998,-94.9527,303,24150,27713,12546.58385,10933.49691,5,13.61500698
ERR1755918,-33.6737,-71.9641,259,20411,23757,12689.2362,10902.04992,5,13.63131761
ERR562568,-8.9971,-139.1963,9295,628129,853749,14797.91571,10887.27483,5,13.85310637
ERR562601,-20.4107,-3.1775,7928,558078,728877,14205.89953,10877.00668,5,13.79420257
ERR1879804,35.4002,-127.7499,1041,73653,96322,14133.84384,10807.49984,45,13.78686625
ERR562478,-62.2231,-49.2139,1669,93699,155759,17812.35659,10715.27167,90,14.12059078
ERR562710,-12.9488,-96.0293,3264,165258,304759,19750.9349,10710.10208,5,14.26963332
ERR1756238,-9.2612,-9.68,819,66097,78697,12390.88007,10407.00408,5,13.59699104
ERR1755980,14.1957,-116.7293,569,45560,54799,12489.02546,10383.40116,40,13.60837328
ERR1879730,-33.6895,-71.998,532,43164,51252,12325.08572,10380.08273,5,13.58931006
ERR1756197,4.66,73.4856,4344,327063,419855,13281.84478,10346.42912,5,13.69716792
ERR562398,-9.3921,66.4228,3948,229966,383588,17167.75523,10292.29277,5,14.06741379
ERR1879753,-21.4612,56.7654,1493,122324,146335,12205.29087,10202.61728,120,13.57521906
ERR1879843,32.7526,-122.0013,2177,189513,213748,11487.3386,10184.89062,5,13.48775697
ERR1879764,-23.1571,-135.018,6779,523893,672810,12939.66516,10075.65286,5,13.65951266
ERR1879789,-28.1874,-107.6385,468,39749,46702,11773.8811,10020.98411,175,13.52330234
ERR562430,-16.9616,53.9541,10186,748790,1030351,13603.27996,9885.951486,5,13.73166693
ERR1755948,-9.2612,-9.68,878,74016,88903,11862.30004,9875.932196,5,13.53409615
ERR1879928,-34.0614,-73.1066,152,14009,15687,10850.16775,9689.551858,5,13.40542973
ERR1879873,44.0342,-16.5455,843,70698,87595,11923.95824,9623.836977,100,13.54157561
ERR562564,-20.4091,-3.1759,7177,598951,746322,11982.61627,9616.492613,5,13.54865532
ERR1879910,36.1811,-28.9373,4112,344466,428795,11937.31747,9589.664059,80,13.54319105
ERR1879762,17.4814,67.9947,36702,3102643,3870481,11829.26943,9482.542351,50,13.53007336
ERR1879734,31.5168,-159.046,2117,183932,223356,11509.68836,9478.142517,115,13.49056115
ERR1756025,-12.807,45.2247,472,44481,50114,10611.27223,9418.525761,5,13.37331002
ERR1879863,32.9986,-121.7698,3356,321851,359650,10427.18525,9331.294314,5,13.34806214
ERR1756184,17.0149,-118.9173,860,81095,92256,10604.84617,9321.886923,5,13.37243607
ERR1879934,17.4814,67.9947,2381,206126,255789,11551.18714,9308.453452,50,13.49575351
ERR1879902,-28.1874,-107.6385,2459,230068,266484,10688.14437,9227.570886,175,13.38372378
ERR1756199,-40.6241,-51.9229,1293,124167,141430,10413.39486,9142.331896,85,13.34615286
ERR1756153,7.4161,-79.3071,2975,251247,325466,11840.9374,9140.739739,5,13.53149568
ERR1879824,-54.3739,-65.1342,811,74638,89276,10865.77883,9084.18836,5,13.40750397
ERR1879927,-29.668,-101.2285,486,43562,53697,11156.51256,9050.78496,155,13.4455985
ERR562719,-47.2002,-58.2034,8243,595813,917211,13834.87772,8987.026976,5,13.75602227
ERR1756233,6.671,-153.0658,1055,109360,120384,9647.037308,8763.623073,5,13.23587023
ERR562460,-13.0023,-95.9759,3524,296916,402992,11868.67666,8744.590463,5,13.53487147
ERR1879945,-54.3739,-65.1342,1114,107158,128266,10395.86405,8685.076326,5,13.34372205
ERR1755903,35.4,-127.7426,390,39268,45170,9931.751044,8634.049148,5,13.27783238
ERR1879721,6.4998,-94.9527,3264,324909,379795,10045.88977,8594.10998,5,13.29431773
ERR1879827,6.3378,-102.9538,1374,139074,162612,9879.632426,8449.560918,60,13.27024165
ERR1879877,25.5264,-88.394,10864,1041532,1292464,10430.78849,8405.649983,5,13.3485606
ERR1756028,-32.7954,-87.0839,556,58928,66702,9435.243008,8335.582141,5,13.20384396
ERR1879691,6.671,-153.0658,457,51340,54971,8901.441371,8313.474377,5,13.11982325
ERR1756058,35.4,-127.7426,720,77346,87322,9308.820107,8245.344816,5,13.1843826
ERR1879891,-63.4015,-56.7938,3054,318973,378459,9574.478091,8069.56632,5,13.22497813
ERR1756024,-6.6382,-152.5141,952,105310,118463,9039.97721,8036.264488,100,13.14210342
ERR1755914,-23.2811,-129.3947,658,74138,82168,8875.340581,8007.983643,5,13.11558677
ERR1879813,-33.6895,-71.998,10508,1043490,1324324,10070.05338,7934.614188,5,13.29778371
ERR1879914,36.1715,-29.023,2739,291117,347092,9408.5883,7891.279545,5,13.19976256
ERR1879670,33.061,-66.5435,1719,156642,218874,10974.06826,7853.833713,5,13.42181083
ERR562576,2.0299,-84.5546,9203,892930,1188463,10306.51899,7743.615073,30,13.33126953
ERR1879772,35.4002,-127.7499,386,36622,49849,10540.1125,7743.385023,45,13.36360265
ERR562380,-12.9723,-96.0122,1886,142315,244533,13252.29245,7712.660459,50,13.69395433
ERR562567,-34.8901,18.0459,6344,731525,826057,8672.29418,7679.857443,30,13.08219798
ERR1879729,-23.1571,-135.018,3015,305997,392747,9853.037775,7676.697721,5,13.26635287
ERR1879888,7.4122,-79.3017,3833,396815,499561,9659.413077,7672.736663,5,13.23771982
ERR562461,-16.9601,-100.6335,3664,356777,481012,10269.7203,7617.273582,5,13.32610927
ERR1879757,44.0342,-16.5455,546,53659,72038,10175.36667,7579.33313,100,13.31279316
ERR562444,-8.9068,-140.283,2926,335565,387887,8719.62213,7543.434041,5,13.0900499
ERR562468,-20.9724,-35.2724,5733,494286,760299,11598.54821,7540.454479,5,13.50165661
ERR1755974,-6.6382,-152.5141,1290,150998,171117,8543.159512,7538.70159,100,13.060554
ERR562653,-9.0714,-140.5973,1404,152964,186333,9178.630266,7534.8972,120,13.16406316
ERR1879674,0.0003,-153.6759,3248,341371,433481,9514.575052,7492.831289,5,13.21592351
ERR562429,-8.7789,-17.9099,1593,139492,213858,11420.00975,7448.86794,5,13.47927626
ERR1879780,-29.668,-101.2285,1484,161980,200733,9161.624892,7392.905003,155,13.16138778
ERR1879867,-6.628,-152.4607,486,56831,65973,8551.670743,7366.649993,100,13.06199059
ERR562421,-16.9587,-100.6751,4564,477482,621814,9558.475503,7339.815443,90,13.22256482
ERR1879810,0.0307,-84.612,4217,434658,575523,9701.880559,7327.248433,40,13.2440487
ERR1756096,0.0247,-84.6024,6000,639131,821785,9387.7468,7301.179749,5,13.19656322
ERR1755994,34.2116,13.7684,849,102186,116289,8308.378839,7300.776514,5,13.02035129
ERR1879905,9.8481,-80.0454,2134,255867,292985,8340.270531,7283.649334,5,13.02587847
ERR1879709,17.4814,67.9947,519,52787,71618,9831.966204,7246.781535,50,13.26326424
ERR1756204,-29.668,-101.2285,119,14572,16473,8166.346418,7223.942208,155,12.99547505
ERR1879758,34.1132,-49.9181,2093,208164,290162,10054.57236,7213.21193,5,13.2955641
ERR562372,-29.5333,37.9117,1241,124842,172265,9940.564874,7204.017067,65,13.27911212
ERR1756231,-32.7954,-87.0839,5163,623775,720587,8277.022965,7164.991875,5,13.01489624
ERR562507,5.9998,73.9067,4764,585570,670442,8135.662688,7105.760081,80,12.99004415
ERR562403,-8.8984,-140.3089,6415,725588,902964,8841.105421,7104.380684,5,13.11001105
ERR1755929,-6.605,-152.5075,415,52405,58943,7919.09169,7040.700338,5,12.95111925
ERR1879899,36.3698,-72.9669,6228,699698,886650,8900.982996,7024.192184,5,13.11974896
ERR1879688,6.671,-153.0658,1774,232029,254444,7645.596025,6972.06458,5,12.90041326
ERR562556,-5.2669,-85.2732,2138,206674,306950,10344.79422,6965.303795,40,13.33661733
ERR1879776,-23.1108,-134.9327,2716,327584,391329,8291.003224,6940.45164,5,13.01733097
ERR1756209,-23.2811,-129.3947,851,110120,122672,7727.933164,6937.198383,5,12.9158669
ERR562697,-29.5333,37.9117,15697,1648648,2285481,9521.134894,6868.138479,65,13.21691783
ERR1879784,-17.0248,42.7401,738,94954,107466,7772.184426,6867.288259,5,12.92410442
ERR1756342,6.4808,-94.9704,2783,369031,409223,7541.371863,6800.693021,5,12.88061127
ERR1755955,-64.3373,-52.9847,265,36303,39149,7299.672203,6769.010703,5,12.83361596
ERR562432,-47.2007,-57.9446,6049,613390,895995,9861.588875,6751.153745,40,13.26760439
ERR1756168,14.1957,-116.7293,348,42195,51951,8247.42268,6698.619853,40,13.00972763
ERR1879852,14.2035,-116.6261,4302,560051,673251,7681.443297,6389.890249,5,12.90716169
ERR1879793,-1.9002,-84.6265,3562,480099,564339,7419.303102,6311.809037,50,12.85706796
ERR562675,39.814,17.4138,4672,592128,740719,7890.185906,6307.385122,5,12.94584358
ERR1879660,29.6394,-79.5395,1143,156871,182015,7286.241562,6279.702222,5,12.83095911
ERR562687,18.4417,39.8567,3665,439407,592801,8340.78656,6182.513187,60,13.02596773
ERR1755924,6.671,-153.0658,410,56939,66434,7200.688456,6171.53867,5,12.81391913
ERR1879943,43.6858,-16.8474,278,33207,45054,8371.728852,6170.37333,5,13.03130987
ERR1879821,22.7901,-157.9439,2331,284143,377910,8203.615785,6168.13527,110,13.00204421
ERR562718,-30.2163,-43.275,2173,250703,357008,8667.626634,6086.698337,5,13.08142129
ERR1756156,-21.1526,-104.8117,918,135479,150901,6775.957898,6083.458691,5,12.7262092
ERR1879872,6.6112,-153.0543,1938,265344,318577,7303.726483,6083.301682,85,12.83441702
ERR1879787,0.0222,-153.6858,3148,427067,522985,7371.208733,6019.293096,40,12.8476855
ERR562677,-9.0063,-139.1394,5053,597419,855886,8458.05038,5903.82364,115,13.04610944
ERR1756282,-17.3066,42.2853,864,125619,147755,6877.940439,5847.51785,70,12.74776091
ERR1756277,-2.0133,-84.589,4872,783325,839091,6219.640634,5806.283228,5,12.60261551
ERR1756347,-13.0781,46.9706,363,53952,62740,6728.202847,5785.782595,5,12.71600549
ERR1756158,-6.605,-152.5075,1464,221424,254592,6611.749404,5750.377074,5,12.69081633
ERR1756289,35.3888,-127.7422,585,86467,103945,6765.586871,5627.976334,5,12.72399937
ERR562620,-5.252,-85.2052,1373,169486,246000,8100.964091,5581.300813,5,12.9838779
ERR1879814,29.6394,-79.5395,675,105092,121673,6422.943706,5547.656423,5,12.64901894
ERR562420,-62.2024,-49.2382,5010,623797,905295,8031.458952,5534.107667,90,12.97144637
ERR1759704,-63.8768,-56.0916,226,37735,41003,5989.134756,5511.79182,5,12.54813188
ERR1756070,-2.0461,72.1573,1553,252682,282198,6146.065015,5503.22823,5,12.58544731
ERR1879842,43.6858,-16.8474,1894,237938,351101,7960.056822,5394.459144,5,12.95856301
ERR1756359,35.3888,-127.7422,718,114290,133547,6282.264415,5376.384344,5,12.61706895
ERR562684,-8.7277,-17.9235,5146,843577,965927,6100.213733,5327.524751,5,12.57464408
ERR1879897,-6.628,-152.4607,1602,251366,301725,6373.176961,5309.470544,100,12.637797
ERR562580,-21.092,-35.417,3420,438707,646224,7795.635812,5292.282552,150,12.92845098
ERR1879829,17.0854,-118.8913,937,161852,177373,5789.239552,5282.65294,5,12.49915814
ERR1755963,6.3356,-103.0399,1366,232469,265052,5876.052291,5153.705688,60,12.52063152
ERR1756014,-13.0781,46.9706,85,13030,16494,6523.407521,5153.389111,5,12.67141004
ERR1756360,-17.3066,42.2853,230,39169,44953,5871.990605,5116.454964,70,12.51963394
ERR1756109,-64.3373,-52.9847,322,59544,63715,5407.765686,5053.755003,5,12.40081693
ERR562671,-8.7296,-17.9604,1104,112459,219203,9816.911052,5036.427421,100,13.26105343
ERR1879723,9.8481,-80.0454,245,44660,48866,5485.893417,5013.710965,5,12.42151088
ERR1756078,6.3356,-103.0399,239,40241,47763,5939.216222,5003.873291,60,12.53605684
ERR1755951,32.9903,-121.8463,946,155704,191384,6075.630684,4942.941939,30,12.56881846
ERR1756306,14.1853,-116.6842,299,53838,60619,5553.698131,4932.446923,5,12.43923305
ERR1759709,-63.8768,-56.0916,311,58889,63122,5281.122111,4926.966826,5,12.36662878
ERR562570,35.7528,14.2765,1721,300071,354578,5735.30931,4853.657023,60,12.48565558
ERR562544,-16.9587,-100.6751,1719,259206,355850,6631.790931,4830.687087,90,12.69518281
ERR1879889,29.851,-79.7064,131,22400,27280,5848.214286,4802.052786,40,12.51378046
ERR562627,-29.5333,37.9117,328,55066,68456,5956.488577,4791.398855,65,12.54024638
ERR562574,-5.2529,-85.1545,910,149141,190951,6101.608545,4765.620499,5,12.57497391
ERR1879700,37.5057,17.2174,392,75829,82314,5169.526171,4762.251865,5,12.33581634
ERR562370,2.0218,-84.5652,2820,461072,594356,6116.181421,4744.631164,40,12.57841549
ERR1879792,34.6712,-71.3093,720,120436,152828,5978.27892,4711.17858,5,12.54551449
ERR1879782,29.7186,-79.6636,635,118606,135739,5353.860682,4678.095463,5,12.38636388
ERR562363,0.0033,71.6428,9808,1963058,2132018,4996.286406,4600.336395,5,12.28664046
ERR1879673,29.851,-79.7064,240,41352,52269,5803.830528,4591.631751,40,12.50278968
ERR1755928,-39.6466,-76.9634,298,59031,65140,5048.195016,4574.762051,5,12.30155193
ERR1879768,29.7186,-79.6636,982,192650,218611,5097.326758,4491.997201,5,12.31552512
ERR1759714,-2.0465,72.1568,738,129585,165479,5695.1036,4459.780395,55,12.47550637
ERR562501,-62.14,-49.3273,5443,1121941,1233265,4851.413755,4413.487774,5,12.24418951
ERR1755920,31.471,-159.101,579,104577,131798,5536.590264,4393.08639,115,12.43478204
ERR562524,-8.9543,-139.26,3948,728069,914435,5422.562971,4317.420046,115,12.40475919
ERR1755876,6.4808,-94.9704,183,37610,42455,4865.7272,4310.446355,5,12.24843972
ERR1756241,0.0307,-84.612,3564,663603,838924,5370.680964,4248.299012,40,12.39088931
ERR1879833,-23.1107,-134.9329,1300,279750,307589,4647.006256,4226.41902,5,12.18208587
ERR562381,-47.2007,-57.9446,4398,908935,1061172,4838.629825,4144.474223,40,12.24038286
ERR1879710,-34.0614,-73.1066,390,80395,96081,4851.047951,4059.075155,5,12.24408072
ERR1879836,17.4847,67.9997,443,83693,109371,5293.154744,4050.433844,75,12.36991212
ERR1879916,-57.7338,-67.1084,98,20382,24259,4808.164066,4039.737829,5,12.23127041
ERR562654,-8.996,-139.2815,4247,929817,1062248,4567.565446,3998.124732,5,12.15720969
ERR1759708,-21.4689,54.3066,690,138297,175468,4989.26224,3932.34094,80,12.28461079
ERR1879926,9.8481,-80.0454,163,37057,41534,4398.629139,3924.495594,5,12.10283825
ERR1879893,37.5057,17.2174,155,34927,39657,4437.827469,3908.515521,5,12.11563787
ERR1756252,-29.668,-101.2285,784,169486,200900,4625.750799,3902.439024,155,12.17547183
ERR1879725,31.6948,-64.2489,967,184287,247839,5247.250213,3901.726524,5,12.35734587
ERR1755942,34.0533,-49.8355,310,61692,79644,5024.962718,3892.320828,5,12.29489718
ERR1756269,-40.6154,-51.9351,636,139913,163983,4545.68196,3878.450815,85,12.15028103
ERR562374,14.5644,70.0096,3332,638808,862527,5215.964734,3863.067475,70,12.3487184
ERR562392,22.1233,38.1983,9383,2113071,2442518,4440.456568,3841.527473,40,12.11649231
ERR1879869,17.4847,67.9997,1129,211747,296208,5331.83469,3811.51083,75,12.38041634
ERR562443,23.36,37.2183,1157,277746,305080,4165.676553,3792.447883,5,12.02433511
ERR1756166,-0.6625,73.1611,1340,300267,357250,4462.694868,3750.874738,5,12.12369945
ERR1879765,-28.1874,-107.6385,697,182256,186006,3824.291107,3747.190951,175,11.90097663
ERR1756144,35.4135,-127.7053,311,73308,83174,4242.374639,3739.149253,45,12.05065631
ERR562394,36.5533,-6.5669,2400,596429,657740,4023.949204,3648.858211,5,11.97439638
ERR1756308,31.8103,-64.1348,390,81650,107292,4776.484997,3634.940163,5,12.22173362
ERR562485,18.5745,66.4895,373,93285,102986,3998.499223,3621.851514,25,11.96524289
ERR1879717,-28.1874,-107.6385,127,34449,35217,3686.60919,3606.212909,175,11.84807877
ERR1755899,31.471,-159.101,303,54251,84909,5585.150504,3568.526305,115,12.44738044
ERR1756128,34.0533,-49.8355,400,81677,113337,4897.33952,3529.297582,5,12.2577825
ERR1879924,-28.1698,-107.3833,870,243363,248855,3574.906621,3496.011734,5,11.80368984
ERR1879711,-28.1698,-107.3833,181,52038,53329,3478.227449,3394.025765,5,11.76413656
ERR1755885,-63.3815,-56.8047,1475,386640,435225,3814.91827,3389.05164,5,11.89743643
ERR1879868,-17.2855,42.2866,400,112317,119908,3561.348683,3335.89085,66,11.79820798
ERR562425,37.0112,1.946,2369,580850,714946,4078.505638,3313.536966,42,11.99382493
ERR562720,22.1233,38.1983,1323,329304,400840,4017.564317,3300.568806,70,11.9721054
ERR1879728,31.6948,-64.2489,366,80843,112554,4527.293643,3251.772483,5,12.14443317
ERR1756123,7.4169,-79.317,642,163425,198693,3928.407526,3231.115339,5,11.93972888
ERR1756319,-23.0731,-135.018,108,31166,33816,3465.314766,3193.754436,5,11.75877069
ERR1879862,-8.9109,-140.2845,1169,329690,366499,3545.755103,3189.640354,150,11.79187718
ERR562473,-60.3046,-60.5715,2187,456391,695276,4791.94375,3145.513436,5,12.22639526
ERR562679,39.3991,19.3997,960,233585,306126,4109.852944,3135.963623,50,12.00487106
ERR1879681,-8.9109,-140.2845,2361,559649,762072,4218.715659,3098.13246,150,12.04258814
ERR1879781,-6.6499,-152.4243,248,69620,80473,3562.194772,3081.778982,5,11.79855069
ERR1879800,17.4847,67.9997,13638,3155102,4449035,4322.522695,3065.383842,75,12.07765782
ERR562502,39.8661,17.3868,1342,338419,445864,3965.498391,3009.886423,60,11.95328648
ERR1755915,36.1399,-28.9689,1125,268663,374611,4187.402061,3003.115232,5,12.03183973
ERR1755996,29.8103,-79.668,199,60585,66968,3284.641413,2971.56851,40,11.68152016
ERR1879820,-8.9109,-140.2845,901,264524,305202,3406.118159,2952.143171,150,11.73391277
ERR1879911,36.3489,-72.7896,2620,807649,888284,3243.983463,2949.50714,5,11.66355075
ERR1879722,38.0093,3.9712,113,32701,38514,3455.551818,2933.998027,45,11.7547004
ERR1755975,-39.6466,-76.9634,3447,982703,1183993,3507.672206,2911.33478,5,11.77629822
ERR562481,5.9994,73.8978,417,84067,143851,4960.329261,2898.83282,80,12.27622017
ERR1755882,-34.1684,-73.0906,237,73124,81923,3241.069963,2892.960463,5,11.66225445
ERR562558,37.0299,1.9575,2765,865836,968215,3193.44541,2855.770671,5,11.64089807
ERR562410,39.3888,19.3905,1564,488576,553861,3201.139638,2823.813195,5,11.6443699
ERR562717,-35.2421,26.3048,2741,734702,971403,3730.76431,2821.691924,30,11.86525551
ERR1756097,-34.1684,-73.0906,216,69135,77569,3124.321979,2784.617566,5,11.60932742
ERR562397,-30.1872,-43.2834,995,285200,361012,3488.779804,2756.14107,5,11.76850683
ERR1879770,-64.3183,-53.1081,86,26763,31944,3213.391623,2692.21137,35,11.6498811
ERR562636,-29.5333,37.9117,128,31181,48599,4105.063981,2633.799049,65,12.00318899
ERR1756087,-17.0244,42.7415,324,115192,123463,2812.695326,2624.267999,5,11.45773757
ERR562691,23.41,37.2383,2391,760120,917894,3145.555965,2604.875944,80,11.61909932
ERR562546,-47.2007,-57.9446,979,227811,386431,4297.421986,2533.44064,40,12.06925573
ERR1756316,-22.3369,40.0193,57,20897,23091,2727.664258,2468.494219,5,11.41345036
ERR1756279,31.8103,-64.1348,187,48898,76129,3824.287292,2456.356973,5,11.90097519
ERR1756099,14.1853,-116.6842,260,94891,106423,2739.985879,2443.080913,5,11.41995274
ERR1756265,35.8777,-37.1969,1187,279215,487702,4251.204269,2433.863302,40,12.05365587
ERR1756143,-22.3369,40.0193,150,57510,61680,2608.242045,2431.906615,5,11.34886204
ERR562494,-62.21,-49.2245,2149,805240,888938,2668.769559,2417.491434,90,11.38195902
ERR1879834,-6.6499,-152.4243,856,297089,354586,2881.291465,2414.082902,5,11.49249989
ERR562465,18.5745,66.4895,554,198714,231870,2787.926367,2389.269849,25,11.44497674
ERR562560,-8.6831,-18.0095,1039,339930,437809,3056.511635,2373.180999,100,11.57767034
ERR562689,-8.9109,-140.2845,618,215528,262068,2867.376861,2358.166583,150,11.48551582
ERR1879664,-8.9109,-140.2845,559,153723,239701,3636.410947,2332.07204,150,11.82829953
ERR1756081,39.194,-70.0499,1752,423129,762658,4140.581241,2297.228902,5,12.01561759
ERR562694,23.4183,37.245,858,327905,384376,2616.611519,2232.189315,80,11.35348403
ERR1879803,17.4847,67.9997,207,57174,94500,3620.526813,2190.47619,75,11.82198392
ERR1755892,-23.0731,-135.018,1133,468761,517518,2417.009947,2189.295831,5,11.2390077
ERR562656,33.9179,32.898,4609,1978152,2105743,2329.9524,2188.776123,5,11.18608477
ERR1756295,-33.6771,-71.9719,50,21242,23154,2353.827323,2159.45409,5,11.20079277
ERR562450,18.5745,66.4895,152,57430,71328,2646.700331,2131.000449,25,11.36997914
ERR1756320,-33.6771,-71.9719,144,63251,67965,2276.643848,2118.737586,5,11.1526929
ERR562526,18.5667,66.522,7406,3109951,3538825,2381.388003,2092.785035,5,11.21758698
ERR562668,18.5667,66.522,225,99618,108606,2258.627959,2071.708745,5,11.14123093
ERR1756256,-23.0246,-134.9235,252,114184,125214,2206.964198,2012.554507,5,11.10784751
ERR562704,19.0284,64.5126,3821,1628448,1900899,2346.405903,2010.101536,25,11.19623689
ERR562483,-5.2669,-85.2732,383,156186,190850,2452.204423,2006.811632,40,11.25986354
ERR1879667,-22.3368,40.3412,197,76239,98282,2583.979328,2004.436214,5,11.33537881
ERR562591,19.0393,64.4913,1754,651211,879144,2693.443446,1995.122528,5,11.39523606
ERR562655,18.5745,66.4895,7343,3181776,3693369,2307.830595,1988.157696,25,11.17232161
ERR562486,20.8116,63.5128,642,228587,327840,2808.558667,1958.272328,20,11.45561422
ERR1879861,-44.6241,-52.1505,147,68265,75486,2153.372885,1947.380971,5,11.07238245
ERR1756194,-29.6954,-101.1897,315,152570,165947,2064.626073,1898.196412,5,11.0116648
ERR562442,20.8116,63.5128,1100,451925,586359,2434.032196,1875.983826,20,11.24913254
ERR562377,18.5667,66.522,475,222054,253976,2139.119313,1870.255457,5,11.06280124
ERR1879822,38.0093,3.9712,211,95753,115470,2203.586311,1827.314454,45,11.10563769
ERR562600,-25.8051,-111.7202,1426,387188,782887,3682.965381,1821.463378,5,11.84665212
ERR1756235,38.002,3.9679,62,29520,34442,2100.271003,1800.127751,41,11.03635978
ERR1756264,-21.4689,54.3066,108,47754,60111,2261.590652,1796.676149,80,11.14312211
ERR1755966,38.002,3.9679,205,98695,115035,2077.106236,1782.066328,41,11.02035929
ERR1879845,-57.7338,-67.1084,128,62969,74020,2032.746272,1729.262362,5,10.98921443
ERR562639,39.4046,19.3886,988,472315,579555,2091.824312,1704.756235,50,11.03054597
ERR562492,42.456,17.9393,826,347511,487507,2376.903177,1694.334645,5,11.21486742
ERR1879756,-22.3368,40.3412,131,60413,77337,2168.407462,1693.885204,5,11.08242016
ERR562445,-31.027,4.6802,2233,856904,1320440,2605.892842,1691.102966,50,11.34756204
ERR1879948,43.6792,-16.8344,372,177943,234790,2090.557089,1584.394565,5,11.02967173
ERR1756074,-16.8083,59.5043,194,107615,124266,1802.722669,1561.167174,5,10.81596175
ERR1756248,-23.1571,-135.0182,109,60926,70443,1789.055576,1547.35034,5,10.80498249
ERR562513,-8.9124,-142.5595,692,311811,449478,2219.293097,1539.563672,5,11.1158845
ERR1879942,-64.3595,-53.0063,81,44255,52632,1830.301661,1538.987688,5,10.83786573
ERR1756179,6.48,-95.0153,56,33939,36778,1650.019152,1522.64941,5,10.68826705
ERR1879775,-64.3595,-53.0063,151,87426,99286,1727.174982,1520.858933,5,10.75419854
ERR562680,-30.1484,-43.2705,620,367738,413517,1685.982955,1499.333764,120,10.71937424
ERR562467,37.4956,15.4945,576,221243,391139,2603.4722,1472.622265,5,11.34622129
ERR1756178,-40.6297,-52.0503,226,132388,153599,1707.103363,1471.363746,5,10.7373347
ERR1756331,-17.5263,42.2073,184,118449,127380,1553.411173,1444.496781,5,10.60122403
ERR1756013,33.02,-121.7406,168,103875,116345,1617.32852,1443.981263,5,10.65939704
ERR1756126,6.3199,-102.96,88,56949,61832,1545.242234,1423.211282,5,10.5936173
ERR562598,2.0218,-84.5652,1880,1145807,1329024,1640.76498,1414.571896,40,10.68015289
ERR562626,14.6067,69.9775,603,339613,450199,1775.550406,1339.407684,5,10.7940506
ERR562609,18.5667,66.522,89,55609,66767,1600.460357,1332.993844,5,10.64427123
ERR562652,23.36,37.2183,1255,815717,949759,1538.523777,1321.387847,5,10.58733102
ERR562572,-8.8999,-142.5461,377,216081,285839,1744.716102,1318.92429,140,10.76877659
ERR1756358,-23.1571,-135.0182,141,97605,114266,1444.598125,1233.962859,5,10.49645249
ERR1879744,-64.3183,-53.1081,160,105329,130503,1519.049834,1226.025455,35,10.56895348
ERR1756068,31.4901,-159.0669,128,99641,108711,1284.611756,1177.433746,5,10.32711669
ERR1879743,-64.3183,-53.1081,73,58424,62252,1249.486512,1172.653087,35,10.28711961
ERR1755956,35.3915,-127.7775,70,51872,60314,1349.475632,1160.592897,45,10.39818321
ERR1756339,38.0017,3.9718,75,59661,65028,1257.10263,1153.349326,5,10.29588672
ERR562495,1.9928,-84.5766,486,331085,425748,1467.900992,1141.520336,5,10.51953895
ERR1755979,29.8103,-79.668,775,610358,688662,1269.746608,1125.370646,40,10.3103249
ERR1879859,-12.9794,-96.0232,391,262691,348569,1488.440792,1121.729127,177,10.53958612
ERR1756247,22.7267,-157.9955,558,424308,510335,1315.08244,1093.399434,5,10.36093753
ERR1755985,31.4794,-159.0901,136,114158,128959,1191.331313,1054.598748,115,10.21835897
ERR562423,6.0019,73.8949,292,240107,278564,1216.124478,1048.233081,5,10.24807519
ERR1756283,-11.9715,-151.1882,199,175541,190415,1133.638295,1045.085734,5,10.14674468
ERR1756033,-39.5788,-76.9941,85,74094,86875,1147.191406,978.4172662,5,10.16389041
ERR1879853,36.5103,-3.9747,276,267751,288592,1030.808475,956.3674669,35,10.00956059
ERR1756022,14.1927,-116.6474,92,92857,99914,990.770755,920.791881,5,9.952407474
ERR1756098,6.6261,-153.07,57,59316,62915,960.9548857,905.9842645,80,9.908324892
ERR1759715,-33.9116,-73.0537,555,457157,617280,1214.024941,899.1057543,35,10.24558235
ERR562462,18.4183,39.865,901,781544,1016270,1152.846161,886.5754179,60,10.17098429
ERR562477,18.5839,66.4727,678,435057,773548,1558.416483,876.4808389,25,10.60586513
ERR1756349,6.48,-95.0153,360,385248,416142,934.4629953,865.0893205,5,9.867993724
ERR1756343,-6.6264,-152.4481,73,82673,88371,882.9968672,826.0628487,5,9.786264509
ERR1755927,-6.6344,-152.548,403,441387,489207,913.0309683,823.7821617,100,9.834519984
ERR562676,-12.9119,-96.1101,233,229738,283710,1014.198783,821.2611469,50,9.986124733
ERR1879732,-64.3183,-53.1081,88,104079,107468,845.5115825,818.8484014,35,9.723680708
ERR1756181,-23.2229,-134.9607,328,293752,409692,1116.588142,800.6014274,5,10.12488142
ERR562482,18.3967,39.8767,748,795980,947777,939.7221036,789.2151846,5,9.876090373
ERR1756251,-31.4424,-93.9597,692,715941,878883,966.5600936,787.3630506,5,9.916715621
ERR562613,20.8183,63.5047,617,631138,783819,977.5991938,787.1715281,5,9.933099285
ERR1756048,-21.4788,56.8291,100,103404,127276,967.0805772,785.6940822,5,9.91749229
ERR562515,33.9178,32.8849,468,531453,598018,880.6046819,782.5851396,5,9.782350704
ERR562365,-34.8986,18.03,839,785850,1074078,1067.633772,781.1350759,5,10.06020113
ERR562541,-29.4964,37.9974,753,866676,986249,868.8367971,763.498873,60,9.762941395
ERR1756288,-0.0141,-84.5899,741,792562,978319,934.9426291,757.421659,5,9.868734029
ERR1755939,-23.0244,-134.9228,75,92314,101258,812.444483,740.6822177,5,9.666125422
ERR562390,2.0299,-84.5546,721,554306,977494,1300.725592,737.6004354,30,10.34510092
ERR1759716,-33.9116,-73.0537,62,61073,84530,1015.178557,733.467408,35,9.987517786
ERR1755878,6.339,-103.0344,87,107396,120371,810.0860367,722.7654501,60,9.66193133
ERR1756133,-23.1107,-134.9326,307,402454,430318,762.8200987,713.425885,5,9.575199046
ERR1756122,35.8641,-37.1831,220,200058,309286,1099.681092,711.3157401,5,10.10286949
ERR562491,-9.1463,-140.515,361,421315,508200,856.8410809,710.3502558,5,9.742883841
ERR1756047,6.3199,-102.96,94,126913,133320,740.6648649,705.0705071,5,9.532677091
ERR1756274,29.7902,-79.6437,80,106844,113866,748.7551945,702.5802259,40,9.548350296
ERR562539,-5.2514,-85.1696,162,190952,237098,848.3807449,683.2617736,5,9.728568067
ERR1755950,40.6769,2.8658,67,90329,102052,741.7329983,656.5280445,110,9.534756143
ERR1756299,-6.6264,-152.4481,266,377577,406164,704.4920639,654.9078697,5,9.460439644
ERR1756211,38.0017,3.9718,62,88489,96031,700.6520584,645.6248503,5,9.452554374
ERR1879825,36.0088,-4.5184,68,82993,108800,819.3462099,625,5,9.678329373
ERR1879716,34.8217,-71.21,311,284983,501187,1091.293165,620.5268692,5,10.091823
ERR562713,20.8183,63.5047,91,58974,149624,1543.052871,608.1911993,5,10.59157178
ERR562527,-8.7484,-17.9179,195,233620,323101,834.6888109,603.5264515,5,9.705094621
ERR562506,-12.991,-95.9893,270,405677,453057,665.5541231,595.9515028,5,9.378412181
ERR1756213,6.6261,-153.07,170,267445,285678,635.644712,595.0755746,80,9.312076799
ERR1756167,39.91,12.8266,337,472122,574686,713.7985521,586.4071858,5,9.479373165
ERR562367,36.5533,-6.5669,546,825033,942860,661.7917101,579.0891543,40,9.37023341
ERR562607,-31.0266,4.665,1381,2003176,2401044,689.4052245,575.1664693,5,9.429208422
ERR562534,-34.9449,17.9189,1017,1145328,1768657,887.9552408,575.012566,5,9.794343146
ERR562396,19.0393,64.4913,1190,1986359,2119794,599.0860665,561.3753034,5,9.22661947
ERR562533,42.1694,17.7179,656,864522,1171849,758.8008171,559.7990867,50,9.567577422
ERR562402,-30.1403,-43.2641,164,217164,294529,755.1896263,556.8212298,120,9.560695137
ERR1879870,36.0088,-4.5184,62,76662,111754,808.7448801,554.7899851,5,9.659540864
ERR1879778,25.6168,-88.4532,17,27968,31685,607.8375286,536.5314818,125,9.247541941
ERR1756189,0.0396,-153.8066,343,543417,652025,631.1911479,526.0534489,40,9.301933162
ERR1756273,-23.2142,-129.6312,88,148578,168200,592.2814952,523.1866825,170,9.210139202
ERR562644,1.9958,-84.576,475,751610,924463,631.97669,513.8118021,5,9.303727536
ERR562692,-8.9748,-139.2091,578,984543,1138971,587.0744091,507.4756074,115,9.19739956
ERR1759711,-34.0614,-73.1066,217,419738,429688,516.9891694,505.0175942,5,9.013990247
ERR1756236,-39.5788,-76.9941,17,29473,34071,576.7991043,498.9580582,5,9.171925114
ERR1756000,-28.2025,-107.5659,23,35739,47201,643.5546602,487.2778119,5,9.329918878
ERR1756346,43.3529,7.8988,55,100910,113675,545.0401348,483.8354959,5,9.090218658
ERR1759707,36.1736,-29.003,78,135022,163583,577.6836367,476.8221637,80,9.17413582
ERR1756260,14.1987,-116.7164,85,152775,180378,556.3737523,471.2326337,40,9.11991055
ERR1756333,32.9909,-121.8522,375,566397,803330,662.079778,466.8069162,30,9.370861256
ERR1756240,40.6769,2.8662,47,95995,100793,489.6088338,466.3022234,5,8.935485778
ERR562608,39.3885,19.3906,333,559041,783711,595.6629299,424.9015262,5,9.218352368
ERR1756045,-28.2025,-107.5659,97,187475,228549,517.4023203,424.4166459,5,9.015142714
ERR1756051,-9.28,-9.6193,42,94691,100467,443.5479613,418.0477172,5,8.792946303
ERR1879791,-57.7338,-67.1084,38,69295,91020,548.380114,417.4906614,5,9.099032445
ERR1756172,25.5877,-88.4275,137,292986,333147,467.5991344,411.2298775,5,8.869128449
ERR1756271,39.2077,-70.034,356,546504,866021,651.4133474,411.075482,5,9.347429471
ERR562540,-16.9534,53.9601,796,1394544,1945678,570.7959017,409.111888,75,9.156831166
ERR1879695,25.6168,-88.4532,416,865116,1020001,480.8603702,407.8427374,125,8.909474222
ERR562615,21.9467,38.2517,304,651133,751807,466.8785025,404.3590975,5,8.866903351
ERR1756147,-23.2166,-129.6234,107,212578,266763,503.3446547,401.1051008,5,8.975402783
ERR562699,-16.9672,53.9337,163,319562,408382,510.0731626,399.136103,5,8.994560385
ERR562681,27.155,34.83,362,783707,908161,461.90732,398.6077359,5,8.851459599
ERR562438,-35.2351,26.3022,158,321243,401233,491.8395109,393.7861542,5,8.942043825
ERR562586,-8.9056,-140.2792,336,745252,876335,450.8542077,383.4150182,5,8.816517176
ERR562661,18.3967,39.875,155,327346,404874,473.5050986,382.8351537,5,8.88723615
ERR1756116,29.7902,-79.6437,32,79143,85023,404.3314001,376.3687473,40,8.659394436
ERR562550,-8.6996,-17.9926,124,239135,332278,518.5355552,373.1814926,100,9.018299106
ERR562641,-32.2401,17.7103,69,119420,190112,577.7926645,362.9439488,5,9.174408078
ERR562435,-25.8105,-111.7329,110,209559,304057,524.9118387,361.7742726,5,9.035931326
ERR1756082,29.7812,-79.6299,67,179652,190397,372.9432458,351.8963009,5,8.542812289
ERR1879738,32.9701,-66.5548,144,220855,411913,652.0115008,349.588384,5,9.348753602
ERR1879683,25.5264,-88.394,71,203797,207091,348.3858938,342.84445,5,8.4445424
ERR562499,-9.006,-139.206,351,904236,1024399,388.1729991,342.6399284,5,8.600555959
ERR1756325,11.2521,-152.4543,273,739673,814803,369.0820133,335.0503128,5,8.527797621
ERR562592,34.453,14.9538,193,577783,580041,334.0354424,332.7350998,5,8.383857376
ERR1756157,6.8381,-153.1058,74,187094,222470,395.523106,332.6291185,5,8.627618168
ERR1756244,-21.4752,54.3236,77,213186,234370,361.1869447,328.5403422,5,8.496601937
ERR1755964,6.8381,-153.1058,48,129172,151334,371.5975598,317.1792195,5,8.537597218
ERR562416,-21.0716,-35.3964,255,669056,808478,381.1340157,315.4074693,150,8.574154562
ERR562463,19.0235,64.5256,109,204854,346653,532.0862663,314.4354729,25,9.055516356
ERR562469,33.9189,32.8532,195,510264,628389,382.1551197,310.3173353,70,8.578014548
ERR1759718,-34.0614,-73.1066,18,58815,60163,306.0443764,299.1872081,5,8.257597048
ERR562582,42.1735,17.7252,225,745741,764092,301.7133294,294.4671584,55,8.237034625
ERR1756059,-44.5582,-52.2718,32,92235,114852,346.9398818,278.6194407,35,8.438541882
ERR1756276,22.7091,-158.0247,235,499452,845285,470.5156852,278.0127413,5,8.878099007
ERR1755891,0.1069,-84.6236,247,710978,904134,347.4087806,273.1895936,50,8.440490408
ERR1755952,-31.4424,-93.9597,11,34427,40326,319.5166584,272.7768685,5,8.31974734
ERR562408,-20.9514,-35.2273,252,773603,930289,325.7484782,270.8835641,5,8.347614629
ERR1756067,-23.1571,-135.031,108,301788,402844,357.867112,268.0938527,5,8.483280156
ERR1756159,-23.1594,-134.9238,65,204507,245980,317.8375312,264.2491259,5,8.312145682
ERR1756039,-23.2318,-134.9279,106,328090,404550,323.0820811,262.0195279,5,8.335756927
ERR562508,-16.9763,-100.6794,202,643603,774609,313.8580771,260.7767274,90,8.293968527
ERR1756001,0.008,-153.7022,249,897786,973490,277.3489451,255.7807476,5,8.115558428
ERR1759712,-54.3739,-65.1342,129,451361,510768,285.8022736,252.5608495,5,8.158873583
ERR1756055,33.0007,-121.8701,27,93734,107558,288.0491604,251.0273527,5,8.170171242
ERR562412,0.0023,71.6311,221,820802,887479,269.2488566,249.0199768,5,8.072796408
ERR562730,-5.2686,-85.248,58,203820,234747,284.5648121,247.07451,40,8.152613466
ERR562487,-16.953,53.9825,104,307690,425161,338.002535,244.6132171,70,8.400890256
ERR562459,-16.9581,-100.6588,186,712963,788319,260.8831033,235.9450933,5,8.027259697
ERR562587,6.0001,73.8955,430,1766748,1830427,243.3850215,234.9178634,5,7.927096574
ERR1756294,9.8432,-80.0621,93,353283,402104,263.2450472,231.2834491,5,8.040262578
ERR1756076,22.7384,-158.0715,112,402841,542171,278.0253251,206.5768918,110,8.119072493
ERR1756195,-1.9778,-84.5992,133,577435,661076,230.3289548,201.1871555,5,7.847551974
ERR562597,-25.8162,-111.7349,68,313400,397885,216.9751117,170.9036531,180,7.761385756
ERR562505,-20.3943,-3.2085,184,856616,1130692,214.7986963,162.7322029,5,7.746841427
ERR1879835,-54.3739,-65.1342,23,129555,142547,177.5307784,161.3502915,5,7.471925355
ERR562537,-35.1728,26.2868,181,890323,1158191,203.2970057,156.2781959,5,7.667445156
ERR562562,38.4735,20.1718,108,527975,733425,204.5551399,147.2543205,5,7.676345978
ERR562573,34.4933,14.9133,111,674228,757066,164.6327355,146.6186568,5,7.363107419
ERR1756225,35.8605,-37.178,59,282736,405882,208.6752306,145.3624452,40,7.705115555
ERR562635,-8.8946,-142.5944,77,455671,554581,168.9815678,138.8435594,140,7.400722078
ERR562623,14.5536,70.0128,181,874392,1308466,207.000979,138.3299222,60,7.693493781
ERR562393,14.6059,69.9776,90,592499,675442,151.8989905,133.2460818,5,7.246968472
ERR1756150,17.0552,-118.9008,11,90578,97290,121.4422928,113.0640354,5,6.924127124
ERR1755936,34.0639,-49.844,24,178284,220637,134.616679,108.7759533,5,7.072713361
ERR1756245,35.3915,-127.7775,10,81645,93286,122.4814747,107.1972214,45,6.936419748
ERR562621,-8.894,-142.631,53,372064,501510,142.448611,105.6808439,5,7.154297744
ERR562407,-29.4985,37.9926,25,218167,267522,114.591116,93.4502583,5,6.840351389
ERR1755925,36.3385,-72.7366,45,580471,693339,77.52325267,64.90331569,5,6.276557199
ERR562376,-47.1966,-58.2349,38,406862,636453,93.3977614,59.7059013,5,6.545316066
ERR1879925,17.4831,68.0026,32,531623,536883,60.19303153,59.60330277,105,5.911524573
ERR562648,-31.0551,4.668,63,749622,1114369,84.04235735,56.53423597,5,6.393044724
ERR1755916,32.9997,-66.5655,21,318640,535494,65.90509666,39.21612567,5,6.042318133
ERR562433,-25.826,-111.7294,39,2353310,2433460,16.57240228,16.026563,188,4.050710841
ERR562606,18.5918,66.622,30,3465054,3465615,8.65787373,8.656472228,5,3.11401276
ERR1755881,-34.0614,-73.1066,0,51241,69382,0,0,5,0
ERR1755884,34.7942,-71.2229,0,216207,364813,0,0,5,0
ERR1755888,37.5152,17.3171,0,94086,110892,0,0,5,0
ERR1755901,36.15,-28.9989,0,188381,235024,0,0,5,0
ERR1755904,35.8913,-37.2369,0,243460,331183,0,0,5,0
ERR1755967,11.2521,-152.4543,0,18062,19283,0,0,5,0
ERR1756012,25.5877,-88.4275,0,52130,58968,0,0,5,0
ERR1756030,-9.28,-9.6193,0,81718,86681,0,0,5,0
ERR1756053,-57.7739,-66.9698,0,67254,93114,0,0,5,0
ERR1756093,9.8432,-80.0621,0,21672,24478,0,0,5,0
ERR1756112,-23.2166,-129.6234,0,39823,54028,0,0,5,0
ERR1756117,14.1927,-116.6474,0,31609,34582,0,0,5,0
ERR1756188,43.6904,-16.8544,0,101650,128819,0,0,5,0
ERR562456,18.5918,66.622,0,107187,107271,0,0,5,0
ERR562476,-32.1745,17.6991,0,234710,386385,0,0,5,0
ERR562536,18.5918,66.622,0,227490,227490,0,0,5,0
ERR562581,-32.12,17.6987,0,396534,441358,0,0,5,0
ERR562666,18.5918,66.622,0,52635,52687,0,0,5,0
ERR1756257,34.217,13.9616,0,120805,132173,0,0,5,0
ERR1756291,31.7913,-64.1522,0,37354,57949,0,0,5,0
ERR1756334,31.7913,-64.1522,0,242414,327476,0,0,5,0
ERR1879687,-63.4015,-56.7938,0,234816,363868,0,0,5,0
ERR1879706,-44.6241,-52.1505,0,58388,63960,0,0,5,0
ERR1879761,-22.3368,40.3412,0,16640,24698,0,0,5,0
ERR1879908,-21.4966,56.9011,0,139894,219811,0,0,5,0
ERR1879923,25.5264,-88.394,0,42617,43321,0,0,5,0
ERR562569,20.8222,63.5133,0,293547,306691,0,0,17,0
ERR1756230,-44.5582,-52.2718,0,89700,109882,0,0,35,0
ERR1879807,-33.9116,-73.0537,0,157160,174333,0,0,35,0
ERR1755893,43.3346,7.9026,0,85233,100407,0,0,50,0
ERR1756290,43.3346,7.9026,0,50130,60070,0,0,50,0
ERR562514,37.4532,15.4596,0,312024,312260,0,0,65,0
ERR1756201,-6.6344,-152.548,0,24640,26921,0,0,100,0
ERR1756040,31.4794,-159.0901,0,68287,83108,0,0,115,0
ERR1879685,-23.2189,-129.4997,0,140986,202915,0,0,155,0
